distancia_inicio_m,distancia_fin_m,junta,lat,lon,altura_m,diametro,espesor,SMYS,longitud_tubo_m,tipo_costura
0.59,13.059,GW10,3.782203165,-71.45070079,500,460,6.35,42000,12,
13.059,21.992,GW20,3.782100979,-71.45075985,499.5,460,6.35,42000,12,
21.992,26.882,GW30,3.782027771,-71.45080216,499,460,6.35,42000,12,
26.882,37.199,GW40,3.781987697,-71.45082532,498.5,460,6.35,42000,12,
37.199,46.839,GW50,3.781903144,-71.45087418,498,460,6.35,42000,12,
46.839,58.832,GW60,3.781824144,-71.45091984,497.5,460,6.35,42000,12,
58.832,70.813,GW70,3.78172586,-71.45097665,497,460,6.35,42000,12,
70.813,82.8,GW80,3.781625018,-71.4510279,496.5,460,6.35,42000,12,
82.8,84.853,GW90,3.781517838,-71.45106489,496,460,6.35,42000,12,
84.853,96.856,GW100,3.781499275,-71.45107063,495.5,460,6.35,42000,12,
96.856,104.991,GW110,3.781390745,-71.45110424,495,460,6.35,42000,12,
104.991,116.984,GW120,3.781317187,-71.45112701,494.5,460,6.35,42000,12,
116.984,119.424,GW130,3.781208745,-71.45116057,494,460,6.35,42000,12,
119.424,131.415,GW140,3.781186682,-71.4511674,493.5,460,6.35,42000,12,
131.415,143.397,GW150,3.781077617,-71.45119878,493,460,6.35,42000,12,
143.397,155.407,GW160,3.780968269,-71.45122888,492.5,460,6.35,42000,12,
155.407,167.426,GW170,3.780858657,-71.45125902,492,460,6.35,42000,12,
167.426,178.231,GW180,3.780749022,-71.45128939,491.5,460,6.35,42000,12,
178.231,187.641,GW190,3.780650656,-71.45131739,491,460,6.35,42000,12,
187.641,197.035,GW200,3.780565048,-71.45134198,490.5,460,6.35,42000,12,
197.035,206.406,GW210,3.780479881,-71.45136753,490,460,6.35,42000,12,
206.406,217.021,GW220,3.780400755,-71.45140673,489.5,460,6.35,42000,12,
217.021,227.904,GW230,3.780313387,-71.45145635,489,460,6.35,42000,12,
227.904,240.137,GW240,3.780224059,-71.45150765,488.5,460,6.35,42000,12,
240.137,252.375,GW250,3.780123684,-71.45156538,488,460,6.35,42000,12,
252.375,264.598,GW260,3.78002327,-71.45162313,487.5,460,6.35,42000,12,
264.598,276.803,GW270,3.779922979,-71.45168081,487,460,6.35,42000,12,
276.803,289.011,GW280,3.779822833,-71.4517384,486.5,460,6.35,42000,12,
289.011,301.221,GW290,3.779722663,-71.45179601,486,460,6.35,42000,12,
301.221,313.215,GW300,3.779622553,-71.45185376,485.5,460,6.35,42000,12,
313.215,325.211,GW310,3.779524419,-71.45191084,485,460,6.35,42000,12,
325.211,331.986,GW320,3.779426242,-71.45196789,484.5,460,6.35,42000,12,
331.986,343.937,GW330,3.779370634,-71.45199983,484,460,6.35,42000,12,
343.937,355.923,GW340,3.779272167,-71.45205551,483.5,460,6.35,42000,12,
355.923,367.94,GW350,3.7791734,-71.45211134,483,460,6.35,42000,12,
367.94,380.149,GW360,3.779074702,-71.45216788,482.5,460,6.35,42000,12,
380.149,392.143,GW370,3.778973056,-71.45222279,482,460,6.35,42000,12,
392.143,404.147,GW380,3.778866835,-71.45226286,481.5,460,6.35,42000,12,
404.147,416.285,GW390,3.778760523,-71.45230296,481,460,6.35,42000,12,
416.285,428.477,GW400,3.778653024,-71.45234351,480.5,460,6.35,42000,12,
428.477,440.462,GW410,3.778544975,-71.45238404,480,460,6.35,42000,12,
440.462,452.145,GW420,3.778438697,-71.45242372,479.5,460,6.35,42000,12,
452.145,464.334,GW430,3.778335098,-71.4524624,479,460,6.35,42000,12,
464.334,476.526,GW440,3.77822701,-71.45250275,478.5,460,6.35,42000,12,
476.526,488.537,GW450,3.778118898,-71.45254311,478,460,6.35,42000,12,
488.537,490.607,GW460,3.77801239,-71.45258288,477.5,460,6.35,42000,12,
490.607,502.79,GW470,3.777994034,-71.45258973,477,460,6.35,42000,12,
502.79,514.967,GW480,3.777886038,-71.45263017,476.5,460,6.35,42000,12,
514.967,527.136,GW490,3.777778161,-71.45267076,476,460,6.35,42000,12,
527.136,539.293,GW500,3.77767036,-71.45271133,475.5,460,6.35,42000,12,
539.293,551.269,GW510,3.777562664,-71.45275187,475,460,6.35,42000,12,
551.269,554.265,GW520,3.77745657,-71.45279179,474.5,460,6.35,42000,12,
554.265,566.443,GW530,3.77743003,-71.45280178,474,460,6.35,42000,12,
566.443,578.441,GW540,3.777322149,-71.45284239,473.5,460,6.35,42000,12,
578.441,581.16,GW550,3.77721586,-71.45288239,473,460,6.35,42000,12,
581.16,593.344,GW560,3.777191773,-71.45289145,472.5,460,6.35,42000,12,
593.344,605.52,GW570,3.77708384,-71.45293208,472,460,6.35,42000,12,
605.52,617.504,GW580,3.776975901,-71.45297248,471.5,460,6.35,42000,12,
617.504,629.511,GW590,3.77686955,-71.45301193,471,460,6.35,42000,12,
629.511,641.507,GW600,3.776762976,-71.45305141,470.5,460,6.35,42000,12,
641.507,653.409,GW610,3.776656503,-71.45309087,470,460,6.35,42000,12,
653.409,657.688,GW620,3.776550865,-71.45313001,469.5,460,6.35,42000,12,
657.688,669.692,GW630,3.7765131,-71.45314464,469,460,6.35,42000,12,
669.692,681.723,GW640,3.776407606,-71.45318684,468.5,460,6.35,42000,12,
681.723,693.875,GW650,3.776301896,-71.45322919,468,460,6.35,42000,12,
693.875,706.046,GW660,3.776233749,-71.45331326,467.5,460,6.35,42000,12,
706.046,718.278,GW670,3.776238707,-71.45342799,467,460,6.35,42000,12,
718.278,730.315,GW680,3.776274915,-71.45353685,466.5,460,6.35,42000,12,
730.315,742.554,GW690,3.776321566,-71.4536408,466,460,6.35,42000,12,
742.554,754.793,GW700,3.776368965,-71.45374651,465.5,460,6.35,42000,12,
754.793,767.027,GW710,3.77641615,-71.45385231,465,460,6.35,42000,12,
767.027,779.241,GW720,3.776463197,-71.45395812,464.5,460,6.35,42000,12,
779.241,782.911,GW730,3.776510165,-71.45406376,464,460,6.35,42000,12,
782.911,794.939,GW740,3.776524279,-71.4540955,463.5,460,6.35,42000,12,
794.939,807.175,GW750,3.776570532,-71.45419953,463,460,6.35,42000,12,
807.175,814.325,GW760,3.776617585,-71.45430536,462.5,460,6.35,42000,12,
814.325,826.404,GW770,3.776645082,-71.4543672,462,460,6.35,42000,12,
826.404,838.586,GW780,3.776691422,-71.45447172,461.5,460,6.35,42000,12,
838.586,850.728,GW790,3.776737998,-71.45457721,461,460,6.35,42000,12,
850.728,853.476,GW800,3.776784425,-71.45468234,460.5,460,6.35,42000,12,
853.476,865.526,GW810,3.776794892,-71.45470615,460,460,6.35,42000,12,
865.526,877.083,GW820,3.77683996,-71.45481093,459.5,460,6.35,42000,12,
877.083,889.075,GW830,3.776882704,-71.45491162,459,460,6.35,42000,12,
889.075,901.236,GW840,3.776927058,-71.45501611,458.5,460,6.35,42000,12,
901.236,913.125,GW850,3.776974964,-71.45512075,458,460,6.35,42000,12,
913.125,925.149,GW860,3.777027996,-71.45522001,457.5,460,6.35,42000,12,
925.149,937.158,GW870,3.77708163,-71.45532039,457,460,6.35,42000,12,
937.158,949.368,GW880,3.777135266,-71.45542061,456.5,460,6.35,42000,12,
949.368,961.565,GW890,3.777189816,-71.4555225,456,460,6.35,42000,12,
961.565,973.767,GW900,3.777243956,-71.45562447,455.5,460,6.35,42000,12,
973.767,985.961,GW910,3.77729794,-71.45572657,455,460,6.35,42000,12,
985.961,998.166,GW920,3.777351896,-71.4558286,454.5,460,6.35,42000,12,
998.166,1009.829,GW930,3.77740648,-71.45593042,454,460,6.35,42000,12,
1009.829,1022.048,GW940,3.777459179,-71.45602742,453.5,460,6.35,42000,12,
1022.048,1022.427,GW950,3.777514391,-71.45612905,453,460,6.35,42000,12,
1022.427,1034.046,GW960,3.777516104,-71.4561322,452.5,460,6.35,42000,12,
1034.046,1045.622,GW970,3.777568609,-71.45622884,452,460,6.35,42000,12,
1045.622,1051.736,GW980,3.777620916,-71.45632512,451.5,460,6.35,42000,12,
1051.736,1063.322,GW990,3.777648542,-71.45637597,451,460,6.35,42000,12,
1063.322,1074.933,GW1000,3.777700894,-71.45647234,450.5,460,6.35,42000,12,
1074.933,1081.061,GW1010,3.777753361,-71.45656891,450,460,6.35,42000,12,
1081.061,1082.441,GW1020,3.777781083,-71.45661986,449.5,460,6.35,42000,12,
1082.441,1094.442,GW1030,3.777787405,-71.45663129,449,460,6.35,42000,12,
1094.442,1104.287,GW1040,3.777843184,-71.45673024,448.5,460,6.35,42000,12,
1104.287,1116.293,GW1050,3.777890096,-71.45681076,448,460,6.35,42000,12,
1116.293,1128.338,GW1060,3.777947305,-71.45690895,447.5,460,6.35,42000,12,
1128.338,1140.542,GW1070,3.778004701,-71.45700746,447,460,6.35,42000,12,
1140.542,1152.716,GW1080,3.778062857,-71.45710727,446.5,460,6.35,42000,12,
1152.716,1155.007,GW1090,3.778120965,-71.45720677,446,460,6.35,42000,12,
1155.007,1167.054,GW1100,3.778131915,-71.45722549,445.5,460,6.35,42000,12,
1167.054,1179.06,GW1110,3.778189491,-71.45732392,445,460,6.35,42000,12,
1179.06,1191.056,GW1120,3.778246869,-71.45742201,444.5,460,6.35,42000,12,
1191.056,1203.085,GW1130,3.778303859,-71.45752022,444,460,6.35,42000,12,
1203.085,1215.265,GW1140,3.778360262,-71.45761913,443.5,460,6.35,42000,12,
1215.265,1227.457,GW1150,3.778417203,-71.45771937,443,460,6.35,42000,12,
1227.457,1239.693,GW1160,3.778474201,-71.45781972,442.5,460,6.35,42000,12,
1239.693,1251.95,GW1170,3.778531405,-71.45792042,442,460,6.35,42000,12,
1251.95,1264.167,GW1180,3.778588713,-71.4580213,441.5,460,6.35,42000,12,
1264.167,1276.363,GW1190,3.778648418,-71.45812022,441,460,6.35,42000,12,
1276.363,1288.54,GW1200,3.778714774,-71.45821468,440.5,460,6.35,42000,12,
1288.54,1300.743,GW1210,3.778781065,-71.45830897,440,460,6.35,42000,12,
1300.743,1312.97,GW1220,3.778848018,-71.45840309,439.5,460,6.35,42000,12,
1312.97,1325.213,GW1230,3.778917692,-71.45849549,439,460,6.35,42000,12,
1325.213,1337.45,GW1240,3.778980161,-71.45859274,438.5,460,6.35,42000,12,
1337.45,1349.656,GW1250,3.779027699,-71.45869803,438,460,6.35,42000,12,
1349.656,1361.848,GW1260,3.779049064,-71.45881156,437.5,460,6.35,42000,12,
1361.848,1373.857,GW1270,3.779072111,-71.45892464,437,460,6.35,42000,12,
1373.857,1386.085,GW1280,3.779094814,-71.45903602,436.5,460,6.35,42000,12,
1386.085,1395.948,GW1290,3.779117467,-71.45914953,436,460,6.35,42000,12,
1395.948,1407.955,GW1300,3.779135445,-71.45924114,435.5,460,6.35,42000,12,
1407.955,1419.972,GW1310,3.779157331,-71.45935266,435,460,6.35,42000,12,
1419.972,1432.155,GW1320,3.779179236,-71.45946428,434.5,460,6.35,42000,12,
1432.155,1444.361,GW1330,3.779201444,-71.45957744,434,460,6.35,42000,12,
1444.361,1456.535,GW1340,3.779223693,-71.45969081,433.5,460,6.35,42000,12,
1456.535,1468.733,GW1350,3.779246164,-71.45980383,433,460,6.35,42000,12,
1468.733,1480.927,GW1360,3.779269188,-71.45991697,432.5,460,6.35,42000,12,
1480.927,1492.717,GW1370,3.779292294,-71.46003005,432,460,6.35,42000,12,
1492.717,1504.752,GW1380,3.779314633,-71.46013939,431.5,460,6.35,42000,12,
1504.752,1516.747,GW1390,3.779337437,-71.460251,431,460,6.35,42000,12,
1516.747,1528.746,GW1400,3.779360165,-71.46036224,430.5,460,6.35,42000,12,
1528.746,1540.752,GW1410,3.779382887,-71.46047352,430,460,6.35,42000,12,
1540.752,1552.024,GW1420,3.779405552,-71.46058488,429.5,460,6.35,42000,12,
1552.024,1564.051,GW1430,3.779426793,-71.46068944,429,460,6.35,42000,12,
1564.051,1576.042,GW1440,3.779449064,-71.46080108,428.5,460,6.35,42000,12,
1576.042,1587.998,GW1450,3.779471145,-71.46091241,428,460,6.35,42000,12,
1587.998,1589.529,GW1460,3.779493162,-71.46102342,427.5,460,6.35,42000,12,
1589.529,1601.582,GW1470,3.779495982,-71.46103763,427,460,6.35,42000,12,
1601.582,1613.602,GW1480,3.779518177,-71.46114954,426.5,460,6.35,42000,12,
1613.602,1625.537,GW1490,3.779540311,-71.46126114,426,460,6.35,42000,12,
1625.537,1636.17,GW1500,3.779562289,-71.46137195,425.5,460,6.35,42000,12,
1636.17,1648.194,GW1510,3.779581869,-71.46147067,425,460,6.35,42000,12,
1648.194,1650.933,GW1520,3.779603995,-71.46158231,424.5,460,6.35,42000,12,
1650.933,1660.874,GW1530,3.779609031,-71.46160774,424,460,6.35,42000,12,
1660.874,1672.871,GW1540,3.779627294,-71.46170005,423.5,460,6.35,42000,12,
1672.871,1684.92,GW1550,3.779649338,-71.46181145,423,460,6.35,42000,12,
1684.92,1696.963,GW1560,3.779671476,-71.46192333,422.5,460,6.35,42000,12,
1696.963,1709.007,GW1570,3.779693453,-71.46203518,422,460,6.35,42000,12,
1709.007,1721.055,GW1580,3.779714616,-71.4621472,421.5,460,6.35,42000,12,
1721.055,1733.033,GW1590,3.779735512,-71.46225931,421,460,6.35,42000,12,
1733.033,1745.013,GW1600,3.779756242,-71.46237077,420.5,460,6.35,42000,12,
1745.013,1757.049,GW1610,3.779777053,-71.46248224,420,460,6.35,42000,12,
1757.049,1769.09,GW1620,3.779797981,-71.46259423,419.5,460,6.35,42000,12,
1769.09,1781.096,GW1630,3.779818918,-71.46270626,419,460,6.35,42000,12,
1781.096,1793.07,GW1640,3.779839794,-71.46281797,418.5,460,6.35,42000,12,
1793.07,1805.043,GW1650,3.779860621,-71.46292938,418,460,6.35,42000,12,
1805.043,1807.073,GW1660,3.779881688,-71.46304074,417.5,460,6.35,42000,12,
1807.073,1819.087,GW1670,3.779885339,-71.4630596,417,460,6.35,42000,12,
1819.087,1831.116,GW1680,3.779906942,-71.46317125,416.5,460,6.35,42000,12,
1831.116,1843.174,GW1690,3.779928573,-71.46328303,416,460,6.35,42000,12,
1843.174,1846.343,GW1700,3.779950255,-71.46339509,415.5,460,6.35,42000,12,
1846.343,1858.355,GW1710,3.779955954,-71.46342454,415,460,6.35,42000,12,
1858.355,1865.996,GW1720,3.779977552,-71.46353617,414.5,460,6.35,42000,12,
1865.996,1876.731,GW1730,3.779991254,-71.46360718,414,460,6.35,42000,12,
1876.731,1888.803,GW1740,3.780010277,-71.463707,413.5,460,6.35,42000,12,
1888.803,1900.844,GW1750,3.780031593,-71.46381926,413,460,6.35,42000,12,
1900.844,1912.812,GW1760,3.780052853,-71.46393123,412.5,460,6.35,42000,12,
1912.812,1924.804,GW1770,3.780073985,-71.46404252,412,460,6.35,42000,12,
1924.804,1936.799,GW1780,3.78009516,-71.46415404,411.5,460,6.35,42000,12,
1936.799,1945.963,GW1790,3.780116094,-71.46426563,411,460,6.35,42000,12,
1945.963,1957.942,GW1800,3.780131092,-71.46435106,410.5,460,6.35,42000,12,
1957.942,1969.964,GW1810,3.780150694,-71.46446274,410,460,6.35,42000,12,
1969.964,1981.961,GW1820,3.780170368,-71.46457482,409.5,460,6.35,42000,12,
1981.961,1993.971,GW1830,3.780190001,-71.46468667,409,460,6.35,42000,12,
1993.971,2005.987,GW1840,3.780209655,-71.46479864,408.5,460,6.35,42000,12,
2005.987,2018.017,GW1850,3.780229318,-71.46491066,408,460,6.35,42000,12,
2018.017,2030.03,GW1860,3.780249005,-71.46502282,407.5,460,6.35,42000,12,
2030.03,2042.053,GW1870,3.780268664,-71.46513481,407,460,6.35,42000,12,
2042.053,2054.047,GW1880,3.780288888,-71.4652468,406.5,460,6.35,42000,12,
2054.047,2065.043,GW1890,3.780309555,-71.46535843,406,460,6.35,42000,12,
2065.043,2066.053,GW1900,3.780328503,-71.46546078,405.5,460,6.35,42000,12,
2066.053,2077.677,GW1910,3.780330243,-71.46547018,405,460,6.35,42000,12,
2077.677,2089.315,GW1920,3.780350273,-71.46557836,404.5,460,6.35,42000,12,
2089.315,2100.92,GW1930,3.780370328,-71.46568668,404,460,6.35,42000,12,
2100.92,2107.021,GW1940,3.780390326,-71.46579469,403.5,460,6.35,42000,12,
2107.021,2113.131,GW1950,3.780400839,-71.46585148,403,460,6.35,42000,12,
2113.131,2124.621,GW1960,3.780411366,-71.46590834,402.5,460,6.35,42000,12,
2124.621,2130.734,GW1970,3.780431165,-71.46601528,402,460,6.35,42000,12,
2130.734,2136.315,GW1980,3.780442063,-71.46607211,401.5,460,6.35,42000,12,
2136.315,2137.289,GW1990,3.780452147,-71.46612397,401,460,6.35,42000,12,
2137.289,2142.14,GW2000,3.780453949,-71.46613301,400.5,460,6.35,42000,12,
2142.14,2154.179,GW2010,3.780462923,-71.46617804,400,460,6.35,42000,12,
2154.179,2166.193,GW2020,3.780485181,-71.4662898,399.5,460,6.35,42000,12,
2166.193,2178.218,GW2030,3.780507145,-71.46640137,399,460,6.35,42000,12,
2178.218,2190.214,GW2040,3.78052894,-71.46651309,398.5,460,6.35,42000,12,
2190.214,2202.182,GW2050,3.780550681,-71.46662454,398,460,6.35,42000,12,
2202.182,2214.122,GW2060,3.780572374,-71.46673572,397.5,460,6.35,42000,12,
2214.122,2226.08,GW2070,3.780594015,-71.46684665,397,460,6.35,42000,12,
2226.08,2238.088,GW2080,3.780615689,-71.46695774,396.5,460,6.35,42000,12,
2238.088,2250.112,GW2090,3.780637455,-71.4670693,396,460,6.35,42000,12,
2250.112,2251.511,GW2100,3.780659246,-71.467181,395.5,460,6.35,42000,12,
2251.511,2263.512,GW2110,3.780661782,-71.467194,395,460,6.35,42000,12,
2263.512,2275.508,GW2120,3.780683192,-71.46730556,394.5,460,6.35,42000,12,
2275.508,2287.517,GW2130,3.78070406,-71.46741717,394,460,6.35,42000,12,
2287.517,2299.483,GW2140,3.780724888,-71.46752892,393.5,460,6.35,42000,12,
2299.483,2311.505,GW2150,3.780745642,-71.46764026,393,460,6.35,42000,12,
2311.505,2323.507,GW2160,3.780766494,-71.46775213,392.5,460,6.35,42000,12,
2323.507,2331.813,GW2170,3.78078731,-71.46786381,392,460,6.35,42000,12,
2331.813,2343.829,GW2180,3.780801717,-71.4679411,391.5,460,6.35,42000,12,
2343.829,2355.832,GW2190,3.78082247,-71.46805293,391,460,6.35,42000,12,
2355.832,2367.843,GW2200,3.780840113,-71.46816514,390.5,460,6.35,42000,12,
2367.843,2379.84,GW2210,3.780851031,-71.46827826,390,460,6.35,42000,12,
2379.84,2391.803,GW2220,3.78085965,-71.46839149,389.5,460,6.35,42000,12,
2391.803,2403.769,GW2230,3.780870807,-71.46850414,389,460,6.35,42000,12,
2403.769,2415.767,GW2240,3.780894006,-71.46861493,388.5,460,6.35,42000,12,
2415.767,2417.315,GW2250,3.780924713,-71.46872426,388,460,6.35,42000,12,
2417.315,2429.295,GW2260,3.780928832,-71.46873832,387.5,460,6.35,42000,12,
2429.295,2441.282,GW2270,3.780960672,-71.46884716,387,460,6.35,42000,12,
2441.282,2447.846,GW2280,3.780989752,-71.4689568,386.5,460,6.35,42000,12,
2447.846,2459.862,GW2290,3.781003184,-71.46901746,386,460,6.35,42000,12,
2459.862,2469.497,GW2300,3.781024506,-71.46912918,385.5,460,6.35,42000,12,
2469.497,2471.909,GW2310,3.781042528,-71.46921858,385,460,6.35,42000,12,
2471.909,2476.879,GW2320,3.781047103,-71.46924095,384.5,460,6.35,42000,12,
2476.879,2488.858,GW2330,3.78105651,-71.46928704,384,460,6.35,42000,12,
2488.858,2500.85,GW2340,3.781078749,-71.46939822,383.5,460,6.35,42000,12,
2500.85,2506.2,GW2350,3.781100901,-71.46950955,383,460,6.35,42000,12,
2506.2,2518.223,GW2360,3.781110783,-71.46955922,382.5,460,6.35,42000,12,
2518.223,2530.263,GW2370,3.781132851,-71.46967086,382,460,6.35,42000,12,
2530.263,2535.379,GW2380,3.781154124,-71.46978282,381.5,460,6.35,42000,12,
2535.379,2547.403,GW2390,3.781162949,-71.46983043,381,460,6.35,42000,12,
2547.403,2554.269,GW2400,3.781182838,-71.46994249,380.5,460,6.35,42000,12,
2554.269,2566.314,GW2410,3.781188012,-71.47000678,380,460,6.35,42000,12,
2566.314,2578.331,GW2420,3.781164044,-71.47011721,379.5,460,6.35,42000,12,
2578.331,2590.33,GW2430,3.781123015,-71.4702233,379,460,6.35,42000,12,
2590.33,2597.24,GW2440,3.781082687,-71.47032946,378.5,460,6.35,42000,12,
2597.24,2609.265,GW2450,3.781062941,-71.47039181,378,460,6.35,42000,12,
2609.265,2621.492,GW2460,3.781040784,-71.47050328,377.5,460,6.35,42000,12,
2621.492,2633.694,GW2470,3.781035675,-71.47061884,377,460,6.35,42000,12,
2633.694,2645.873,GW2480,3.781040144,-71.4707342,376.5,460,6.35,42000,12,
2645.873,2658.082,GW2490,3.78104804,-71.47084921,376,460,6.35,42000,12,
2658.082,2664.207,GW2500,3.78105629,-71.47096448,375.5,460,6.35,42000,12,
2664.207,2676.228,GW2510,3.781060435,-71.47102231,375,460,6.35,42000,12,
2676.228,2688.242,GW2520,3.781068424,-71.47113581,374.5,460,6.35,42000,12,
2688.242,2700.265,GW2530,3.781076224,-71.47124926,374,460,6.35,42000,12,
2700.265,2711.338,GW2540,3.78108403,-71.4713628,373.5,460,6.35,42000,12,
2711.338,2723.353,GW2550,3.78109175,-71.47146732,373,460,6.35,42000,12,
2723.353,2735.347,GW2560,3.781100479,-71.47158071,372.5,460,6.35,42000,12,
2735.347,2747.325,GW2570,3.781109213,-71.4716939,372,460,6.35,42000,12,
2747.325,2759.313,GW2580,3.781117933,-71.47180695,371.5,460,6.35,42000,12,
2759.313,2771.299,GW2590,3.781126662,-71.47192008,371,460,6.35,42000,12,
2771.299,2783.285,GW2600,3.781135367,-71.4720332,370.5,460,6.35,42000,12,
2783.285,2787.378,GW2610,3.781143785,-71.47214634,370,460,6.35,42000,12,
2787.378,2799.401,GW2620,3.781146573,-71.47218498,369.5,460,6.35,42000,12,
2799.401,2811.405,GW2630,3.781154762,-71.47229849,369,460,6.35,42000,12,
2811.405,2823.411,GW2640,3.781162937,-71.47241182,368.5,460,6.35,42000,12,
2823.411,2830.339,GW2650,3.781171308,-71.47252515,368,460,6.35,42000,12,
2830.339,2842.37,GW2660,3.78117627,-71.47259054,367.5,460,6.35,42000,12,
2842.37,2854.408,GW2670,3.781181525,-71.47270424,367,460,6.35,42000,12,
2854.408,2862.962,GW2680,3.781178504,-71.47281811,366.5,460,6.35,42000,12,
2862.962,2874.998,GW2690,3.781174978,-71.472899,366,460,6.35,42000,12,
2874.998,2878.292,GW2700,3.781170018,-71.47301282,365.5,460,6.35,42000,12,
2878.292,2890.34,GW2710,3.78116866,-71.47304396,365,460,6.35,42000,12,
2890.34,2899.713,GW2720,3.781163509,-71.47315789,364.5,460,6.35,42000,12,
2899.713,2911.693,GW2730,3.78115936,-71.47324651,364,460,6.35,42000,12,
2911.693,2923.711,GW2740,3.781154046,-71.47335978,363.5,460,6.35,42000,12,
2923.711,2934.279,GW2750,3.78114851,-71.4734734,363,460,6.35,42000,12,
2934.279,2945.915,GW2760,3.781143079,-71.47357328,362.5,460,6.35,42000,12,
2945.915,2957.917,GW2770,3.781137099,-71.47368326,362,460,6.35,42000,12,
2957.917,2969.906,GW2780,3.781130931,-71.4737967,361.5,460,6.35,42000,12,
2969.906,2981.882,GW2790,3.781124506,-71.47391,361,460,6.35,42000,12,
2981.882,2993.883,GW2800,3.781117622,-71.47402315,360.5,460,6.35,42000,12,
2993.883,3005.929,GW2810,3.781110764,-71.47413653,360,460,6.35,42000,12,
3005.929,3017.959,GW2820,3.781103995,-71.47425035,359.5,460,6.35,42000,12,
3017.959,3029.922,GW2830,3.781097267,-71.47436402,359,460,6.35,42000,12,
3029.922,3041.889,GW2840,3.781090786,-71.47447707,358.5,460,6.35,42000,12,
3041.889,3053.897,GW2850,3.781084803,-71.47459019,358,460,6.35,42000,12,
3053.897,3065.933,GW2860,3.781078847,-71.47470369,357.5,460,6.35,42000,12,
3065.933,3077.92,GW2870,3.781072879,-71.47481746,357,460,6.35,42000,12,
3077.92,3089.863,GW2880,3.781066935,-71.47493077,356.5,460,6.35,42000,12,
3089.863,3101.842,GW2890,3.781061012,-71.47504366,356,460,6.35,42000,12,
3101.842,3105.77,GW2900,3.781055616,-71.47515691,355.5,460,6.35,42000,12,
3105.77,3117.752,GW2910,3.781053934,-71.47519406,355,460,6.35,42000,12,
3117.752,3129.758,GW2920,3.781048811,-71.47530735,354.5,460,6.35,42000,12,
3129.758,3141.749,GW2930,3.781043679,-71.47542088,354,460,6.35,42000,12,
3141.749,3153.74,GW2940,3.781036097,-71.47553412,353.5,460,6.35,42000,12,
3153.74,3158.327,GW2950,3.78102732,-71.47564728,353,460,6.35,42000,12,
3158.327,3170.287,GW2960,3.781023963,-71.47569057,352.5,460,6.35,42000,12,
3170.287,3182.284,GW2970,3.7810193,-71.47580368,352,460,6.35,42000,12,
3182.284,3194.254,GW2980,3.78101513,-71.47591716,351.5,460,6.35,42000,12,
3194.254,3206.283,GW2990,3.781010969,-71.47603038,351,460,6.35,42000,12,
3206.283,3216.533,GW3000,3.781006787,-71.47614416,350.5,460,6.35,42000,12,
3216.533,3228.526,GW3010,3.781010471,-71.47624092,350,460,6.35,42000,12,
3228.526,3240.561,GW3020,3.781050148,-71.47634703,349.5,460,6.35,42000,12,
3240.561,3252.604,GW3030,3.781102311,-71.47644829,349,460,6.35,42000,12,
3252.604,3263.104,GW3040,3.781157641,-71.47654794,348.5,460,6.35,42000,12,
3263.104,3275.124,GW3050,3.781206737,-71.47663436,348,460,6.35,42000,12,
3275.124,3287.154,GW3060,3.781262935,-71.47673328,347.5,460,6.35,42000,12,
3287.154,3299.197,GW3070,3.781319181,-71.47683229,347,460,6.35,42000,12,
3299.197,3311.227,GW3080,3.781375489,-71.47693141,346.5,460,6.35,42000,12,
3311.227,3323.261,GW3090,3.781431747,-71.47703041,346,460,6.35,42000,12,
3323.261,3335.277,GW3100,3.781488365,-71.47712925,345.5,460,6.35,42000,12,
3335.277,3341.302,GW3110,3.781545013,-71.47722787,345,460,6.35,42000,12,
3341.302,3353.319,GW3120,3.781573417,-71.47727732,344.5,460,6.35,42000,12,
3353.319,3365.301,GW3130,3.781630067,-71.47737596,344,460,6.35,42000,12,
3365.301,3377.284,GW3140,3.781686555,-71.4774743,343.5,460,6.35,42000,12,
3377.284,3379.326,GW3150,3.781743048,-71.47757266,343,460,6.35,42000,12,
3379.326,3391.357,GW3160,3.781752674,-71.47758942,342.5,460,6.35,42000,12,
3391.357,3394.728,GW3170,3.78180939,-71.47768817,342,460,6.35,42000,12,
3394.728,3406.752,GW3180,3.781825282,-71.47771584,341.5,460,6.35,42000,12,
3406.752,3418.814,GW3190,3.781881968,-71.47781453,341,460,6.35,42000,12,
3418.814,3430.832,GW3200,3.78193883,-71.47791353,340.5,460,6.35,42000,12,
3430.832,3442.809,GW3210,3.781995445,-71.4780122,340,460,6.35,42000,12,
3442.809,3454.764,GW3220,3.782051571,-71.4781107,339.5,460,6.35,42000,12,
3454.764,3466.74,GW3230,3.782107489,-71.47820908,339,460,6.35,42000,12,
3466.74,3471.02,GW3240,3.782163504,-71.47830763,338.5,460,6.35,42000,12,
3471.02,3483.062,GW3250,3.782183523,-71.47834285,338,460,6.35,42000,12,
3483.062,3495.082,GW3260,3.782239294,-71.47844225,337.5,460,6.35,42000,12,
3495.082,3507.042,GW3270,3.782294881,-71.47854153,337,460,6.35,42000,12,
3507.042,3519.065,GW3280,3.782350189,-71.4786403,336.5,460,6.35,42000,12,
3519.065,3531.09,GW3290,3.782405788,-71.4787396,336,460,6.35,42000,12,
3531.09,3535.559,GW3300,3.782461395,-71.47883891,335.5,460,6.35,42000,12,
3535.559,3547.541,GW3310,3.782482062,-71.47887582,335,460,6.35,42000,12,
3547.541,3559.548,GW3320,3.782538181,-71.47897438,334.5,460,6.35,42000,12,
3559.548,3567.787,GW3330,3.78259485,-71.47907289,334,460,6.35,42000,12,
3567.787,3579.804,GW3340,3.782633742,-71.47914049,333.5,460,6.35,42000,12,
3579.804,3591.811,GW3350,3.782690274,-71.47923919,333,460,6.35,42000,12,
3591.811,3603.814,GW3360,3.782746019,-71.47933823,332.5,460,6.35,42000,12,
3603.814,3615.839,GW3370,3.78280154,-71.47943735,332,460,6.35,42000,12,
3615.839,3617.377,GW3380,3.78285716,-71.47953666,331.5,460,6.35,42000,12,
3617.377,3629.405,GW3390,3.782864274,-71.47954936,331,460,6.35,42000,12,
3629.405,3641.379,GW3400,3.782919829,-71.47964874,330.5,460,6.35,42000,12,
3641.379,3653.357,GW3410,3.782976911,-71.47974664,330,460,6.35,42000,12,
3653.357,3663.02,GW3420,3.783044612,-71.47983746,329.5,460,6.35,42000,12,
3663.02,3675.033,GW3430,3.783100508,-71.47990986,329,460,6.35,42000,12,
3675.033,3687.03,GW3440,3.783169995,-71.47999986,328.5,460,6.35,42000,12,
3687.03,3690.529,GW3450,3.783239388,-71.48008975,328,460,6.35,42000,12,
3690.529,3702.557,GW3460,3.783259628,-71.48011597,327.5,460,6.35,42000,12,
3702.557,3709.445,GW3470,3.78332891,-71.48020631,327,460,6.35,42000,12,
3709.445,3721.632,GW3480,3.783367952,-71.48025852,326.5,460,6.35,42000,12,
3721.632,3733.82,GW3490,3.783436312,-71.48035144,326,460,6.35,42000,12,
3733.82,3746.002,GW3500,3.783504669,-71.48044437,325.5,460,6.35,42000,12,
3746.002,3758.208,GW3510,3.783572878,-71.48053734,325,460,6.35,42000,12,
3758.208,3770.239,GW3520,3.783638242,-71.48063253,324.5,460,6.35,42000,12,
3770.239,3773.747,GW3530,3.783688187,-71.4807345,324,460,6.35,42000,12,
3773.747,3785.767,GW3540,3.7836994,-71.48076575,323.5,460,6.35,42000,12,
3785.767,3788.011,GW3550,3.783711574,-71.48087812,323,460,6.35,42000,12,
3788.011,3800.016,GW3560,3.78370853,-71.48089914,322.5,460,6.35,42000,12,
3800.016,3812.044,GW3570,3.783691204,-71.48101143,322,460,6.35,42000,12,
3812.044,3824.058,GW3580,3.783670875,-71.48112345,321.5,460,6.35,42000,12,
3824.058,3836.077,GW3590,3.783648577,-71.48123496,321,460,6.35,42000,12,
3836.077,3848.114,GW3600,3.783626346,-71.48134653,320.5,460,6.35,42000,12,
3848.114,3860.173,GW3610,3.783604919,-71.48145843,320,460,6.35,42000,12,
3860.173,3872.213,GW3620,3.7835837,-71.48157058,319.5,460,6.35,42000,12,
3872.213,3884.196,GW3630,3.783562516,-71.48168256,319,460,6.35,42000,12,
3884.196,3891.789,GW3640,3.783541882,-71.48179409,318.5,460,6.35,42000,12,
3891.789,3903.785,GW3650,3.783529517,-71.48186489,318,460,6.35,42000,12,
3903.785,3905.006,GW3660,3.783510604,-71.48197685,317.5,460,6.35,42000,12,
3905.006,3917.031,GW3670,3.783508679,-71.48198825,317,460,6.35,42000,12,
3917.031,3929.053,GW3680,3.783489719,-71.48210048,316.5,460,6.35,42000,12,
3929.053,3941.013,GW3690,3.783470764,-71.48221268,316,460,6.35,42000,12,
3941.013,3953.038,GW3700,3.783451992,-71.48232432,315.5,460,6.35,42000,12,
3953.038,3955.075,GW3710,3.783433322,-71.4824366,315,460,6.35,42000,12,
3955.075,3967.067,GW3720,3.783430165,-71.48245562,314.5,460,6.35,42000,12,
3967.067,3970.241,GW3730,3.78341158,-71.4825676,314,460,6.35,42000,12,
3970.241,3981.218,GW3740,3.783406661,-71.48259724,313.5,460,6.35,42000,12,
3981.218,3993.243,GW3750,3.783389648,-71.48269974,313,460,6.35,42000,12,
3993.243,4005.247,GW3760,3.783371012,-71.48281202,312.5,460,6.35,42000,12,
4005.247,4017.272,GW3770,3.783352407,-71.48292411,312,460,6.35,42000,12,
4017.272,4029.29,GW3780,3.78333377,-71.4830364,311.5,460,6.35,42000,12,
4029.29,4041.326,GW3790,3.783315144,-71.48314862,311,460,6.35,42000,12,
4041.326,4053.342,GW3800,3.783296489,-71.48326101,310.5,460,6.35,42000,12,
4053.342,4065.343,GW3810,3.783277866,-71.48337321,310,460,6.35,42000,12,
4065.343,4076.337,GW3820,3.783259228,-71.48348526,309.5,460,6.35,42000,12,
4076.337,4088.336,GW3830,3.7832418,-71.48358785,309,460,6.35,42000,12,
4088.336,4093.601,GW3840,3.783222526,-71.48369978,308.5,460,6.35,42000,12,
4093.601,4105.596,GW3850,3.78321407,-71.4837489,308,460,6.35,42000,12,
4105.596,4117.565,GW3860,3.783200555,-71.48386152,307.5,460,6.35,42000,12,
4117.565,4129.532,GW3870,3.783194015,-71.48397461,307,460,6.35,42000,12,
4129.532,4141.558,GW3880,3.783195535,-71.48408787,306.5,460,6.35,42000,12,
4141.558,4153.581,GW3890,3.783198579,-71.48420166,306,460,6.35,42000,12,
4153.581,4165.6,GW3900,3.783201591,-71.48431543,305.5,460,6.35,42000,12,
4165.6,4177.611,GW3910,3.78320462,-71.48442915,305,460,6.35,42000,12,
4177.611,4189.635,GW3920,3.78320814,-71.48454279,304.5,460,6.35,42000,12,
4189.635,4201.617,GW3930,3.783212145,-71.48465653,304,460,6.35,42000,12,
4201.617,4213.569,GW3940,3.783215994,-71.48476988,303.5,460,6.35,42000,12,
4213.569,4225.571,GW3950,3.783218939,-71.48488297,303,460,6.35,42000,12,
4225.571,4237.574,GW3960,3.783221186,-71.48499655,302.5,460,6.35,42000,12,
4237.574,4249.584,GW3970,3.783218848,-71.48511009,302,460,6.35,42000,12,
4249.584,4261.618,GW3980,3.783205728,-71.48522291,301.5,460,6.35,42000,12,
4261.618,4273.639,GW3990,3.783192371,-71.48533603,301,460,6.35,42000,12,
4273.639,4285.604,GW4000,3.783179677,-71.4854491,300.5,460,6.35,42000,12,
4285.604,4297.573,GW4010,3.783167541,-71.4855617,300,460,6.35,42000,12,
4297.573,4309.616,GW4020,3.783155662,-71.48567437,299.5,460,6.35,42000,12,
4309.616,4321.65,GW4030,3.783143107,-71.48578766,299,460,6.35,42000,12,
4321.65,4333.665,GW4040,3.783128028,-71.48590057,298.5,460,6.35,42000,12,
4333.665,4345.685,GW4050,3.783112974,-71.48601329,298,460,6.35,42000,12,
4345.685,4357.714,GW4060,3.783107302,-71.48612683,297.5,460,6.35,42000,12,
4357.714,4369.742,GW4070,3.783114243,-71.48624046,297,460,6.35,42000,12,
4369.742,4381.755,GW4080,3.783124174,-71.48635388,296.5,460,6.35,42000,12,
4381.755,4393.807,GW4090,3.783134092,-71.48646715,296,460,6.35,42000,12,
4393.807,4405.846,GW4100,3.783144042,-71.48658079,295.5,460,6.35,42000,12,
4405.846,4417.851,GW4110,3.783153982,-71.48669431,295,460,6.35,42000,12,
4417.851,4429.873,GW4120,3.783163893,-71.48680751,294.5,460,6.35,42000,12,
4429.873,4441.869,GW4130,3.783173819,-71.48692087,294,460,6.35,42000,12,
4441.869,4453.856,GW4140,3.783183722,-71.48703399,293.5,460,6.35,42000,12,
4453.856,4465.888,GW4150,3.783193619,-71.48714702,293,460,6.35,42000,12,
4465.888,4477.878,GW4160,3.78320353,-71.48726047,292.5,460,6.35,42000,12,
4477.878,4482.938,GW4170,3.783213178,-71.48737355,292,460,6.35,42000,12,
4482.938,4494.954,GW4180,3.783217219,-71.48742128,291.5,460,6.35,42000,12,
4494.954,4506.961,GW4190,3.783226817,-71.48753461,291,460,6.35,42000,12,
4506.961,4518.969,GW4200,3.783236408,-71.48764785,290.5,460,6.35,42000,12,
4518.969,4523.338,GW4210,3.783245999,-71.48776111,290,460,6.35,42000,12,
4523.338,4535.32,GW4220,3.783249489,-71.48780232,289.5,460,6.35,42000,12,
4535.32,4547.317,GW4230,3.783259136,-71.48791532,289,460,6.35,42000,12,
4547.317,4559.349,GW4240,3.783269065,-71.48802844,288.5,460,6.35,42000,12,
4559.349,4571.379,GW4250,3.783279024,-71.48814189,288,460,6.35,42000,12,
4571.379,4577.976,GW4260,3.783288981,-71.48825533,287.5,460,6.35,42000,12,
4577.976,4589.97,GW4270,3.783294441,-71.48831753,287,460,6.35,42000,12,
4589.97,4601.964,GW4280,3.783304369,-71.48843062,286.5,460,6.35,42000,12,
4601.964,4613.976,GW4290,3.783314296,-71.48854372,286,460,6.35,42000,12,
4613.976,4626.005,GW4300,3.783324239,-71.48865698,285.5,460,6.35,42000,12,
4626.005,4638.025,GW4310,3.783335476,-71.48877027,285,460,6.35,42000,12,
4638.025,4650.061,GW4320,3.78334872,-71.48888327,284.5,460,6.35,42000,12,
4650.061,4662.095,GW4330,3.783362182,-71.4889964,284,460,6.35,42000,12,
4662.095,4674.079,GW4340,3.783376246,-71.48910944,283.5,460,6.35,42000,12,
4674.079,4686.045,GW4350,3.783390485,-71.48922197,283,460,6.35,42000,12,
4686.045,4698.068,GW4360,3.783404862,-71.48933432,282.5,460,6.35,42000,12,
4698.068,4710.072,GW4370,3.783419108,-71.48944723,282,460,6.35,42000,12,
4710.072,4722.089,GW4380,3.78343424,-71.4895598,281.5,460,6.35,42000,12,
4722.089,4734.09,GW4390,3.783460127,-71.48967039,281,460,6.35,42000,12,
4734.09,4746.126,GW4400,3.783498847,-71.48977709,280.5,460,6.35,42000,12,
4746.126,4758.153,GW4410,3.783538336,-71.48988395,280,460,6.35,42000,12,
4758.153,4770.165,GW4420,3.783577775,-71.48999074,279.5,460,6.35,42000,12,
4770.165,4772.211,GW4430,3.78361648,-71.49009764,279,460,6.35,42000,12,
4772.211,4783.384,GW4440,3.78362293,-71.4901159,278.5,460,6.35,42000,12,
4783.384,4795.415,GW4450,3.783658214,-71.4902156,278,460,6.35,42000,12,
4795.415,4807.437,GW4460,3.783696754,-71.49032276,277.5,460,6.35,42000,12,
4807.437,4819.424,GW4470,3.783735474,-71.49042976,277,460,6.35,42000,12,
4819.424,4831.451,GW4480,3.783774077,-71.49053645,276.5,460,6.35,42000,12,
4831.451,4833.797,GW4490,3.783812812,-71.4906435,276,460,6.35,42000,12,
4833.797,4845.779,GW4500,3.783820368,-71.49066438,275.5,460,6.35,42000,12,
4845.779,4857.795,GW4510,3.783858959,-71.49077103,275,460,6.35,42000,12,
4857.795,4869.782,GW4520,3.783897584,-71.49087801,274.5,460,6.35,42000,12,
4869.782,4881.787,GW4530,3.783935972,-71.49098478,274,460,6.35,42000,12,
4881.787,4893.824,GW4540,3.783974416,-71.49109171,273.5,460,6.35,42000,12,
4893.824,4905.835,GW4550,3.784012964,-71.49119892,273,460,6.35,42000,12,
4905.835,4917.842,GW4560,3.784051477,-71.49130589,272.5,460,6.35,42000,12,
4917.842,4929.865,GW4570,3.784091128,-71.4914124,272,460,6.35,42000,12,
4929.865,4941.893,GW4580,3.784121197,-71.49152176,271.5,460,6.35,42000,12,
4941.893,4953.882,GW4590,3.784141366,-71.49163381,271,460,6.35,42000,12,
4953.882,4965.863,GW4600,3.784161327,-71.49174552,270.5,460,6.35,42000,12,
4965.863,4977.874,GW4610,3.784181036,-71.4918572,270,460,6.35,42000,12,
4977.874,4989.842,GW4620,3.784200792,-71.49196916,269.5,460,6.35,42000,12,
4989.842,5001.848,GW4630,3.78422048,-71.49208072,269,460,6.35,42000,12,
5001.848,5013.848,GW4640,3.784240229,-71.49219263,268.5,460,6.35,42000,12,
5013.848,5025.864,GW4650,3.784259882,-71.4923045,268,460,6.35,42000,12,
5025.864,5037.89,GW4660,3.784279361,-71.49241656,267.5,460,6.35,42000,12,
5037.89,5049.918,GW4670,3.784298832,-71.49252871,267,460,6.35,42000,12,
5049.918,5061.957,GW4680,3.784318306,-71.49264088,266.5,460,6.35,42000,12,
5061.957,5073.931,GW4690,3.784338723,-71.49275299,266,460,6.35,42000,12,
5073.931,5085.915,GW4700,3.784360574,-71.4928642,265.5,460,6.35,42000,12,
5085.915,5092.029,GW4710,3.784381474,-71.49297569,265,460,6.35,42000,12,
5092.029,5104.051,GW4720,3.784391815,-71.49303263,264.5,460,6.35,42000,12,
5104.051,5116.074,GW4730,3.784412147,-71.49314459,264,460,6.35,42000,12,
5116.074,5128.109,GW4740,3.78443248,-71.49325657,263.5,460,6.35,42000,12,
5128.109,5140.133,GW4750,3.784452835,-71.49336865,263,460,6.35,42000,12,
5140.133,5152.115,GW4760,3.78447317,-71.49348063,262.5,460,6.35,42000,12,
5152.115,5164.073,GW4770,3.784493434,-71.49359222,262,460,6.35,42000,12,
5164.073,5176.094,GW4780,3.784513655,-71.49370359,261.5,460,6.35,42000,12,
5176.094,5188.125,GW4790,3.784533957,-71.49381554,261,460,6.35,42000,12,
5188.125,5200.116,GW4800,3.784554261,-71.4939276,260.5,460,6.35,42000,12,
5200.116,5212.274,GW4810,3.784574497,-71.49403928,260,460,6.35,42000,12,
5212.274,5224.311,GW4820,3.784595015,-71.49415252,259.5,460,6.35,42000,12,
5224.311,5236.375,GW4830,3.784615329,-71.49426463,259,460,6.35,42000,12,
5236.375,5248.386,GW4840,3.78463601,-71.49437693,258.5,460,6.35,42000,12,
5248.386,5260.37,GW4850,3.784656852,-71.49448869,258,460,6.35,42000,12,
5260.37,5272.386,GW4860,3.784677659,-71.4946002,257.5,460,6.35,42000,12,
5272.386,5284.431,GW4870,3.784698494,-71.49471201,257,460,6.35,42000,12,
5284.431,5296.442,GW4880,3.784718957,-71.49482417,256.5,460,6.35,42000,12,
5296.442,5306.235,GW4890,3.784739203,-71.49493604,256,460,6.35,42000,12,
5306.235,5318.246,GW4900,3.784755714,-71.49502725,255.5,460,6.35,42000,12,
5318.246,5330.196,GW4910,3.784775976,-71.49513912,255,460,6.35,42000,12,
5330.196,5342.208,GW4920,3.784796144,-71.49525042,254.5,460,6.35,42000,12,
5342.208,5354.21,GW4930,3.78481635,-71.49536231,254,460,6.35,42000,12,
5354.21,5366.204,GW4940,3.784834686,-71.49547443,253.5,460,6.35,42000,12,
5366.204,5378.23,GW4950,3.784853933,-71.49558631,253,460,6.35,42000,12,
5378.23,5390.211,GW4960,3.784888698,-71.49569403,252.5,460,6.35,42000,12,
5390.211,5402.25,GW4970,3.784934252,-71.49579788,252,460,6.35,42000,12,
5402.25,5414.289,GW4980,3.784980877,-71.49590186,251.5,460,6.35,42000,12,
5414.289,5426.263,GW4990,3.78502783,-71.49600569,251,460,6.35,42000,12,
5426.263,5438.267,GW5000,3.785074437,-71.496109,250.5,460,6.35,42000,12,
5438.267,5450.286,GW5010,3.785120283,-71.49621296,250,460,6.35,42000,12,
5450.286,5462.313,GW5020,3.785166215,-71.49631704,249.5,460,6.35,42000,12,
5462.313,5474.309,GW5030,3.78521253,-71.49642104,249,460,6.35,42000,12,
5474.309,5486.279,GW5040,3.785258775,-71.49652474,248.5,460,6.35,42000,12,
5486.279,5498.27,GW5050,3.785304897,-71.49662823,248,460,6.35,42000,12,
5498.27,5510.25,GW5060,3.785350831,-71.49673202,247.5,460,6.35,42000,12,
5510.25,5522.262,GW5070,3.785396472,-71.49683582,247,460,6.35,42000,12,
5522.262,5534.305,GW5080,3.785442237,-71.49693991,246.5,460,6.35,42000,12,
5534.305,5546.346,GW5090,3.785488117,-71.49704426,246,460,6.35,42000,12,
5546.346,5558.398,GW5100,3.785534067,-71.49714856,245.5,460,6.35,42000,12,
5558.398,5570.407,GW5110,3.785582406,-71.49725187,245,460,6.35,42000,12,
5570.407,5582.365,GW5120,3.785622263,-71.49735817,244.5,460,6.35,42000,12,
5582.365,5594.363,GW5130,3.785646011,-71.49746883,244,460,6.35,42000,12,
5594.363,5606.408,GW5140,3.785666415,-71.49758049,243.5,460,6.35,42000,12,
5606.408,5616.829,GW5150,3.785681444,-71.4976935,243,460,6.35,42000,12,
5616.829,5628.794,GW5160,3.7856932,-71.49779144,242.5,460,6.35,42000,12,
5628.794,5640.751,GW5170,3.785705287,-71.49790404,242,460,6.35,42000,12,
5640.751,5652.722,GW5180,3.785717558,-71.49801655,241.5,460,6.35,42000,12,
5652.722,5664.713,GW5190,3.7857307,-71.4981291,241,460,6.35,42000,12,
5664.713,5676.762,GW5200,3.78574419,-71.49824179,240.5,460,6.35,42000,12,
5676.762,5688.804,GW5210,3.785757744,-71.49835503,240,460,6.35,42000,12,
5688.804,5700.776,GW5220,3.785771386,-71.4984682,239.5,460,6.35,42000,12,
5700.776,5712.742,GW5230,3.785782097,-71.49858099,239,460,6.35,42000,12,
5712.742,5724.775,GW5240,3.785772667,-71.49869333,238.5,460,6.35,42000,12,
5724.775,5736.815,GW5250,3.785728638,-71.49879838,238,460,6.35,42000,12,
5736.815,5748.821,GW5260,3.785684582,-71.49890348,237.5,460,6.35,42000,12,
5748.821,5760.824,GW5270,3.78564065,-71.49900829,237,460,6.35,42000,12,
5760.824,5772.842,GW5280,3.785596731,-71.49911307,236.5,460,6.35,42000,12,
5772.842,5784.858,GW5290,3.785552754,-71.49921798,236,460,6.35,42000,12,
5784.858,5789.076,GW5300,3.785508787,-71.49932287,235.5,460,6.35,42000,12,
5789.076,5799.788,GW5310,3.785493353,-71.4993597,235,460,6.35,42000,12,
5799.788,5811.697,GW5320,3.785454154,-71.49945321,234.5,460,6.35,42000,12,
5811.697,5823.717,GW5330,3.785410579,-71.49955717,234,460,6.35,42000,12,
5823.717,5835.748,GW5340,3.785366596,-71.4996621,233.5,460,6.35,42000,12,
5835.748,5847.712,GW5350,3.785322573,-71.49976712,233,460,6.35,42000,12,
5847.712,5859.711,GW5360,3.785277976,-71.4998712,232.5,460,6.35,42000,12,
5859.711,5871.734,GW5370,3.78522797,-71.49997313,232,460,6.35,42000,12,
5871.734,5883.76,GW5380,3.785170918,-71.50007154,231.5,460,6.35,42000,12,
5883.76,5895.793,GW5390,3.785110957,-71.5001683,231,460,6.35,42000,12,
5895.793,5907.794,GW5400,3.785049169,-71.50026398,230.5,460,6.35,42000,12,
5907.794,5919.797,GW5410,3.784987544,-71.50035941,230,460,6.35,42000,12,
5919.797,5931.806,GW5420,3.784927675,-71.50045595,229.5,460,6.35,42000,12,
5931.806,5943.74,GW5430,3.784871046,-71.50055441,229,460,6.35,42000,12,
5943.74,5955.699,GW5440,3.784831937,-71.5006601,228.5,460,6.35,42000,12,
5955.699,5967.715,GW5450,3.784806014,-71.50077027,228,460,6.35,42000,12,
5967.715,5979.74,GW5460,3.784784142,-71.50088187,227.5,460,6.35,42000,12,
5979.74,5991.791,GW5470,3.784763386,-71.50099378,227,460,6.35,42000,12,
5991.791,6003.795,GW5480,3.78474195,-71.50110582,226.5,460,6.35,42000,12,
6003.795,6008.665,GW5490,3.784718934,-71.50121708,226,460,6.35,42000,12,
6008.665,6020.671,GW5500,3.784709457,-71.5012622,225.5,460,6.35,42000,12,
6020.671,6032.715,GW5510,3.784686095,-71.50137341,225,460,6.35,42000,12,
6032.715,6044.754,GW5520,3.784662659,-71.50148498,224.5,460,6.35,42000,12,
6044.754,6051.79,GW5530,3.784638333,-71.5015963,224,460,6.35,42000,12,
6051.79,6063.803,GW5540,3.78462227,-71.50166093,223.5,460,6.35,42000,12,
6063.803,6075.829,GW5550,3.784578121,-71.50176535,223,460,6.35,42000,12,
6075.829,6087.829,GW5560,3.784528344,-71.50186772,222.5,460,6.35,42000,12,
6087.829,6099.865,GW5570,3.784476829,-71.50196895,222,460,6.35,42000,12,
6099.865,6109.07,GW5580,3.784424004,-71.50206989,221.5,460,6.35,42000,12,
6109.07,6121.071,GW5590,3.784393786,-71.50215142,221,460,6.35,42000,12,
6121.071,6133.092,GW5600,3.784361748,-71.50226039,220.5,460,6.35,42000,12,
6133.092,6145.061,GW5610,3.784331984,-71.50237017,220,460,6.35,42000,12,
6145.061,6157.071,GW5620,3.784316897,-71.50248192,219.5,460,6.35,42000,12,
6157.071,6169.059,GW5630,3.784314976,-71.50259558,219,460,6.35,42000,12,
6169.059,6181.048,GW5640,3.784317774,-71.502709,218.5,460,6.35,42000,12,
6181.048,6193.05,GW5650,3.784321119,-71.50282244,218,460,6.35,42000,12,
6193.05,6205.041,GW5660,3.784324466,-71.50293599,217.5,460,6.35,42000,12,
6205.041,6217.072,GW5670,3.784327328,-71.50304945,217,460,6.35,42000,12,
6217.072,6229.091,GW5680,3.78432983,-71.50316331,216.5,460,6.35,42000,12,
6229.091,6241.056,GW5690,3.784332314,-71.50327704,216,460,6.35,42000,12,
6241.056,6253.036,GW5700,3.784334601,-71.50339027,215.5,460,6.35,42000,12,
6253.036,6265.027,GW5710,3.784335713,-71.50350366,215,460,6.35,42000,12,
6265.027,6277.031,GW5720,3.784336495,-71.50361716,214.5,460,6.35,42000,12,
6277.031,6289.037,GW5730,3.784337276,-71.50373078,214,460,6.35,42000,12,
6289.037,6301.001,GW5740,3.784338059,-71.50384442,213.5,460,6.35,42000,12,
6301.001,6313.026,GW5750,3.784338838,-71.50395766,213,460,6.35,42000,12,
6313.026,6325.028,GW5760,3.784339621,-71.50407148,212.5,460,6.35,42000,12,
6325.028,6337.025,GW5770,3.784340403,-71.50418508,212,460,6.35,42000,12,
6337.025,6349.021,GW5780,3.784341185,-71.50429863,211.5,460,6.35,42000,12,
6349.021,6360.991,GW5790,3.784341966,-71.50441218,211,460,6.35,42000,12,
6360.991,6372.983,GW5800,3.784342746,-71.50452548,210.5,460,6.35,42000,12,
6372.983,6384.996,GW5810,3.784343527,-71.50463898,210,460,6.35,42000,12,
6384.996,6397.035,GW5820,3.784344309,-71.50475269,209.5,460,6.35,42000,12,
6397.035,6406.603,GW5830,3.784345094,-71.50486664,209,460,6.35,42000,12,
6406.603,6418.605,GW5840,3.784345717,-71.5049572,208.5,460,6.35,42000,12,
6418.605,6430.614,GW5850,3.784346498,-71.50507081,208,460,6.35,42000,12,
6430.614,6435.083,GW5860,3.784347281,-71.50518447,207.5,460,6.35,42000,12,
6435.083,6447.109,GW5870,3.78434769,-71.50522677,207,460,6.35,42000,12,
6447.109,6459.146,GW5880,3.784351602,-71.50534051,206.5,460,6.35,42000,12,
6459.146,6471.162,GW5890,3.784357903,-71.50545425,206,460,6.35,42000,12,
6471.162,6483.208,GW5900,3.78436107,-71.50556794,205.5,460,6.35,42000,12,
6483.208,6495.202,GW5910,3.784363674,-71.50568193,205,460,6.35,42000,12,
6495.202,6507.212,GW5920,3.784366858,-71.50579542,204.5,460,6.35,42000,12,
6507.212,6519.23,GW5930,3.78437081,-71.50590903,204,460,6.35,42000,12,
6519.23,6522.718,GW5940,3.784374765,-71.50602271,203.5,460,6.35,42000,12,
6522.718,6534.712,GW5950,3.784375912,-71.50605571,203,460,6.35,42000,12,
6534.712,6546.744,GW5960,3.784379869,-71.50616917,202.5,460,6.35,42000,12,
6546.744,6558.749,GW5970,3.784384186,-71.50628297,202,460,6.35,42000,12,
6558.749,6570.759,GW5980,3.784388652,-71.50639652,201.5,460,6.35,42000,12,
6570.759,6582.756,GW5990,3.78439312,-71.50651011,201,460,6.35,42000,12,
6582.756,6594.769,GW6000,3.784397584,-71.50662358,200.5,460,6.35,42000,12,
6594.769,6598.372,GW6010,3.78440178,-71.50673721,200,460,6.35,42000,12,
6598.372,6610.351,GW6020,3.784402965,-71.50677129,199.5,460,6.35,42000,12,
6610.351,6622.387,GW6030,3.78440686,-71.50688461,199,460,6.35,42000,12,
6622.387,6627.483,GW6040,3.784419362,-71.50699767,198.5,460,6.35,42000,12,
6627.483,6639.482,GW6050,3.784431966,-71.50704407,198,460,6.35,42000,12,
6639.482,6651.446,GW6060,3.784474042,-71.50714934,197.5,460,6.35,42000,12,
6651.446,6657.551,GW6070,3.784518748,-71.50725336,197,460,6.35,42000,12,
6657.551,6669.588,GW6080,3.784540736,-71.5073068,196.5,460,6.35,42000,12,
6669.588,6681.616,GW6090,3.784585625,-71.50741151,196,460,6.35,42000,12,
6681.616,6693.653,GW6100,3.784635824,-71.50751327,195.5,460,6.35,42000,12,
6693.653,6705.695,GW6110,3.784646828,-71.50762607,195,460,6.35,42000,12,
6705.695,6712.265,GW6120,3.784636928,-71.5077396,194.5,460,6.35,42000,12,
6712.265,6724.224,GW6130,3.784630282,-71.50780144,194,460,6.35,42000,12,
6724.224,6736.215,GW6140,3.784616832,-71.50791382,193.5,460,6.35,42000,12,
6736.215,6748.24,GW6150,3.784601967,-71.50802635,193,460,6.35,42000,12,
6748.24,6760.281,GW6160,3.784587057,-71.50813919,192.5,460,6.35,42000,12,
6760.281,6772.32,GW6170,3.784572317,-71.5082522,192,460,6.35,42000,12,
6772.32,6784.337,GW6180,3.784559368,-71.50836541,191.5,460,6.35,42000,12,
6784.337,6796.341,GW6190,3.784547762,-71.50847856,191,460,6.35,42000,12,
6796.341,6808.368,GW6200,3.78453617,-71.50859159,190.5,460,6.35,42000,12,
6808.368,6820.405,GW6210,3.784524555,-71.50870484,190,460,6.35,42000,12,
6820.405,6832.394,GW6220,3.784512931,-71.50881818,189.5,460,6.35,42000,12,
6832.394,6844.407,GW6230,3.784502611,-71.50893119,189,460,6.35,42000,12,
6844.407,6856.449,GW6240,3.784493292,-71.50904451,188.5,460,6.35,42000,12,
6856.449,6868.446,GW6250,3.784483617,-71.50915808,188,460,6.35,42000,12,
6868.446,6880.47,GW6260,3.78447925,-71.50927148,187.5,460,6.35,42000,12,
6880.47,6892.506,GW6270,3.784482689,-71.50938522,187,460,6.35,42000,12,
6892.506,6904.466,GW6280,3.784491365,-71.50949881,186.5,460,6.35,42000,12,
6904.466,6909.757,GW6290,3.784499985,-71.50961169,186,460,6.35,42000,12,
6909.757,6921.788,GW6300,3.784503799,-71.50966162,185.5,460,6.35,42000,12,
6921.788,6933.807,GW6310,3.784512469,-71.50977517,185,460,6.35,42000,12,
6933.807,6936.648,GW6320,3.784521133,-71.50988861,184.5,460,6.35,42000,12,
6936.648,6948.629,GW6330,3.78452318,-71.50991542,184,460,6.35,42000,12,
6948.629,6960.667,GW6340,3.784531946,-71.51002849,183.5,460,6.35,42000,12,
6960.667,6972.645,GW6350,3.784541604,-71.51014202,183,460,6.35,42000,12,
6972.645,6978.75,GW6360,3.784551517,-71.51025496,182.5,460,6.35,42000,12,
6978.75,6990.772,GW6370,3.784556912,-71.5103125,182,460,6.35,42000,12,
6990.772,6995.822,GW6380,3.784576932,-71.51042416,181.5,460,6.35,42000,12,
6995.822,7007.832,GW6390,3.784591897,-71.51046934,181,460,6.35,42000,12,
7007.832,7011.949,GW6400,3.784644517,-71.51057,180.5,460,6.35,42000,12,
7011.949,7023.958,GW6410,3.784664482,-71.51060346,180,460,6.35,42000,12,
7023.958,7025.884,GW6420,3.784720269,-71.51070241,179.5,460,6.35,42000,12,
7025.884,7037.885,GW6430,3.784727586,-71.51071911,179,460,6.35,42000,12,
7037.885,7049.882,GW6440,3.784760711,-71.51082698,178.5,460,6.35,42000,12,
7049.882,7060.664,GW6450,3.784779743,-71.51093893,178,460,6.35,42000,12,
7060.664,7072.645,GW6460,3.784796235,-71.51103964,177.5,460,6.35,42000,12,
7072.645,7074.675,GW6470,3.784815294,-71.51115143,177,460,6.35,42000,12,
7074.675,7086.689,GW6480,3.784818586,-71.51117037,176.5,460,6.35,42000,12,
7086.689,7089.481,GW6490,3.78483807,-71.5112824,176,460,6.35,42000,12,
7089.481,7101.494,GW6500,3.784842621,-71.51130843,175.5,460,6.35,42000,12,
7101.494,7113.479,GW6510,3.784862626,-71.51142037,175,460,6.35,42000,12,
7113.479,7120.295,GW6520,3.784882944,-71.51153198,174.5,460,6.35,42000,12,
7120.295,7132.244,GW6530,3.784894498,-71.51159545,174,460,6.35,42000,12,
7132.244,7144.255,GW6540,3.784914753,-71.51170672,173.5,460,6.35,42000,12,
7144.255,7156.279,GW6550,3.78493463,-71.51181866,173,460,6.35,42000,12,
7156.279,7162.178,GW6560,3.784952798,-71.51193097,172.5,460,6.35,42000,12,
7162.178,7174.208,GW6570,3.784957063,-71.51198665,172,460,6.35,42000,12,
7174.208,7186.229,GW6580,3.784959648,-71.51210044,171.5,460,6.35,42000,12,
7186.229,7198.253,GW6590,3.784957051,-71.5122142,171,460,6.35,42000,12,
7198.253,7210.289,GW6600,3.784954211,-71.51232797,170.5,460,6.35,42000,12,
7210.289,7222.32,GW6610,3.784950912,-71.51244185,170,460,6.35,42000,12,
7222.32,7234.288,GW6620,3.784947157,-71.51255567,169.5,460,6.35,42000,12,
7234.288,7246.291,GW6630,3.78494107,-71.51266879,169,460,6.35,42000,12,
7246.291,7258.338,GW6640,3.784942924,-71.51278209,168.5,460,6.35,42000,12,
7258.338,7270.337,GW6650,3.784976486,-71.51288996,168,460,6.35,42000,12,
7270.337,7282.322,GW6660,3.785051641,-71.51297332,167.5,460,6.35,42000,12,
7282.322,7294.37,GW6670,3.785153689,-71.51302099,167,460,6.35,42000,12,
7294.37,7305.393,GW6680,3.78526497,-71.51304497,166.5,460,6.35,42000,12,
7305.393,7317.377,GW6690,3.785367854,-71.51306232,166,460,6.35,42000,12,
7317.377,7329.424,GW6700,3.785479609,-71.51308177,165.5,460,6.35,42000,12,
7329.424,7341.427,GW6710,3.785591817,-71.51310205,165,460,6.35,42000,12,
7341.427,7353.444,GW6720,3.785703536,-71.5131227,164.5,460,6.35,42000,12,
7353.444,7365.471,GW6730,3.785815622,-71.51314206,164,460,6.35,42000,12,
7365.471,7377.457,GW6740,3.78592753,-71.51316294,163.5,460,6.35,42000,12,
7377.457,7383.38,GW6750,3.78603902,-71.51318395,163,460,6.35,42000,12,
7383.38,7395.415,GW6760,3.786093609,-71.51319629,162.5,460,6.35,42000,12,
7395.415,7407.442,GW6770,3.78620161,-71.51323252,162,460,6.35,42000,12,
7407.442,7419.467,GW6780,3.78630923,-71.51326963,161.5,460,6.35,42000,12,
7419.467,7431.503,GW6790,3.78641658,-71.51330746,161,460,6.35,42000,12,
7431.503,7443.526,GW6800,3.786524024,-71.51334533,160.5,460,6.35,42000,12,
7443.526,7455.506,GW6810,3.786631675,-71.51338224,160,460,6.35,42000,12,
7455.506,7464.519,GW6820,3.786736582,-71.51342507,159.5,460,6.35,42000,12,
7464.519,7476.498,GW6830,3.786813773,-71.51346138,159,460,6.35,42000,12,
7476.498,7488.476,GW6840,3.786914253,-71.51351388,158.5,460,6.35,42000,12,
7488.476,7500.463,GW6850,3.787014289,-71.51356724,158,460,6.35,42000,12,
7500.463,7512.5,GW6860,3.787114397,-71.51362065,157.5,460,6.35,42000,12,
7512.5,7524.509,GW6870,3.787214924,-71.51367427,157,460,6.35,42000,12,
7524.509,7536.532,GW6880,3.787315217,-71.51372777,156.5,460,6.35,42000,12,
7536.532,7548.578,GW6890,3.78741572,-71.51378116,156,460,6.35,42000,12,
7548.578,7560.581,GW6900,3.787516535,-71.51383442,155.5,460,6.35,42000,12,
7560.581,7572.56,GW6910,3.787617412,-71.51388668,155,460,6.35,42000,12,
7572.56,7584.545,GW6920,3.787717827,-71.51393929,154.5,460,6.35,42000,12,
7584.545,7596.582,GW6930,3.787809066,-71.51400531,154,460,6.35,42000,12,
7596.582,7608.588,GW6940,3.787873889,-71.51409759,153.5,460,6.35,42000,12,
7608.588,7610.894,GW6950,3.787926774,-71.51419817,153,460,6.35,42000,12,
7610.894,7622.895,GW6960,3.787937076,-71.51421742,152.5,460,6.35,42000,12,
7622.895,7634.868,GW6970,3.787995734,-71.51431442,152,460,6.35,42000,12,
7634.868,7646.831,GW6980,3.788069964,-71.51439965,151.5,460,6.35,42000,12,
7646.831,7658.87,GW6990,3.788150136,-71.51447961,151,460,6.35,42000,12,
7658.87,7670.878,GW7000,3.788230381,-71.5145605,150.5,460,6.35,42000,12,
7670.878,7682.885,GW7010,3.788307592,-71.5146439,150,460,6.35,42000,12,
7682.885,7694.886,GW7020,3.788381377,-71.51473032,149.5,460,6.35,42000,12,
7694.886,7706.848,GW7030,3.788454235,-71.51481746,149,460,6.35,42000,12,
7706.848,7718.884,GW7040,3.788531235,-71.5149004,148.5,460,6.35,42000,12,
7718.884,7727.212,GW7050,3.788616155,-71.51497617,148,460,6.35,42000,12,
7727.212,7739.22,GW7060,3.788677768,-71.51502533,147.5,460,6.35,42000,12,
7739.22,7751.208,GW7070,3.788765061,-71.51509808,147,460,6.35,42000,12,
7751.208,7763.21,GW7080,3.788842611,-71.51518071,146.5,460,6.35,42000,12,
7763.21,7775.237,GW7090,3.788910138,-71.51527207,146,460,6.35,42000,12,
7775.237,7787.246,GW7100,3.788981552,-71.51536059,145.5,460,6.35,42000,12,
7787.246,7795.41,GW7110,3.789060399,-71.5154424,145,460,6.35,42000,12,
7795.41,7807.415,GW7120,3.789115499,-71.51549658,144.5,460,6.35,42000,12,
7807.415,7819.153,GW7130,3.789219248,-71.51553752,144,460,6.35,42000,12,
7819.153,7831.066,GW7140,3.78932984,-71.51554726,143.5,460,6.35,42000,12,
7831.066,7843.054,GW7150,3.789442589,-71.51554895,143,460,6.35,42000,12,
7843.054,7855.04,GW7160,3.789556048,-71.51555065,142.5,460,6.35,42000,12,
7855.04,7867.045,GW7170,3.789668756,-71.51556046,142,460,6.35,42000,12,
7867.045,7878.516,GW7180,3.789768252,-71.51561216,141.5,460,6.35,42000,12,
7878.516,7890.559,GW7190,3.789847924,-71.51568593,141,460,6.35,42000,12,
7890.559,7902.59,GW7200,3.789931566,-71.51576337,140.5,460,6.35,42000,12,
7902.59,7914.624,GW7210,3.790018319,-71.51583709,140,460,6.35,42000,12,
7914.624,7926.662,GW7220,3.790110049,-71.51590462,139.5,460,6.35,42000,12,
7926.662,7936.011,GW7230,3.790202813,-71.51597078,139,460,6.35,42000,12,
7936.011,7948.037,GW7240,3.790266945,-71.51603097,138.5,460,6.35,42000,12,
7948.037,7951.814,GW7250,3.790339028,-71.516119,138,460,6.35,42000,12,
7951.814,7963.835,GW7260,3.790359587,-71.51614823,137.5,460,6.35,42000,12,
7963.835,7975.813,GW7270,3.790421796,-71.51624348,137,460,6.35,42000,12,
7975.813,7987.777,GW7280,3.790478977,-71.51634135,136.5,460,6.35,42000,12,
7987.777,7999.782,GW7290,3.790534569,-71.51644001,136,460,6.35,42000,12,
7999.782,8011.824,GW7300,3.790591809,-71.51653814,135.5,460,6.35,42000,12,
8011.824,8013.772,GW7310,3.790652182,-71.51663482,135,460,6.35,42000,12,
8013.772,8025.801,GW7320,3.790661852,-71.51665052,134.5,460,6.35,42000,12,
8025.801,8037.84,GW7330,3.790721474,-71.51674752,134,460,6.35,42000,12,
8037.84,8047.819,GW7340,3.790779887,-71.51684535,133.5,460,6.35,42000,12,
8047.819,8059.83,GW7350,3.790827078,-71.51692718,133,460,6.35,42000,12,
8059.83,8071.847,GW7360,3.790891961,-71.5170201,132.5,460,6.35,42000,12,
8071.847,8083.829,GW7370,3.790976066,-71.51709608,132,460,6.35,42000,12,
8083.829,8095.845,GW7380,3.791069169,-71.51716084,131.5,460,6.35,42000,12,
8095.845,8099.912,GW7390,3.791162609,-71.51722568,131,460,6.35,42000,12,
8099.912,8111.909,GW7400,3.791194236,-71.51724763,130.5,460,6.35,42000,12,
8111.909,8123.94,GW7410,3.791288302,-71.51731116,130,460,6.35,42000,12,
8123.94,8135.947,GW7420,3.791386883,-71.51736816,129.5,460,6.35,42000,12,
8135.947,8147.974,GW7430,3.791485948,-71.51742386,129,460,6.35,42000,12,
8147.974,8160.02,GW7440,3.791585197,-71.51747963,128.5,460,6.35,42000,12,
8160.02,8172.072,GW7450,3.791685969,-71.51753297,128,460,6.35,42000,12,
8172.072,8184.067,GW7460,3.791786797,-71.51758633,127.5,460,6.35,42000,12,
8184.067,8196.118,GW7470,3.791887148,-71.51763944,127,460,6.35,42000,12,
8196.118,8208.133,GW7480,3.791972656,-71.51771421,126.5,460,6.35,42000,12,
8208.133,8220.164,GW7490,3.792052018,-71.51779562,126,460,6.35,42000,12,
8220.164,8232.162,GW7500,3.792126873,-71.51788142,125.5,460,6.35,42000,12,
8232.162,8244.191,GW7510,3.792200172,-71.51796816,125,460,6.35,42000,12,
8244.191,8256.198,GW7520,3.79227397,-71.51805486,124.5,460,6.35,42000,12,
8256.198,8268.242,GW7530,3.792349894,-71.51813943,124,460,6.35,42000,12,
8268.242,8280.267,GW7540,3.792426724,-71.51822365,123.5,460,6.35,42000,12,
8280.267,8284.526,GW7550,3.792503431,-71.51830774,123,460,6.35,42000,12,
8284.526,8296.537,GW7560,3.792531065,-71.5183371,122.5,460,6.35,42000,12,
8296.537,8308.556,GW7570,3.792609316,-71.51841957,122,460,6.35,42000,12,
8308.556,8318.311,GW7580,3.792687852,-71.51850188,121.5,460,6.35,42000,12,
8318.311,8330.307,GW7590,3.792743667,-71.51857541,121,460,6.35,42000,12,
8330.307,8342.297,GW7600,3.792805091,-71.51867084,120.5,460,6.35,42000,12,
8342.297,8353.166,GW7610,3.792859192,-71.51877059,120,460,6.35,42000,12,
8353.166,8365.19,GW7620,3.792903608,-71.51886334,119.5,460,6.35,42000,12,
8365.19,8377.238,GW7630,3.792954578,-71.51896507,119,460,6.35,42000,12,
8377.238,8383.419,GW7640,3.793019003,-71.51905907,118.5,460,6.35,42000,12,
8383.419,8395.39,GW7650,3.79305534,-71.51910492,118,460,6.35,42000,12,
8395.39,8407.362,GW7660,3.793132422,-71.51918776,117.5,460,6.35,42000,12,
8407.362,8419.41,GW7670,3.793220814,-71.51925864,117,460,6.35,42000,12,
8419.41,8429.402,GW7680,3.793311785,-71.51932741,116.5,460,6.35,42000,12,
8429.402,8441.356,GW7690,3.793387215,-71.51938446,116,460,6.35,42000,12,
8441.356,8453.34,GW7700,3.793476819,-71.51945356,115.5,460,6.35,42000,12,
8453.34,8465.387,GW7710,3.793566731,-71.51952272,115,460,6.35,42000,12,
8465.387,8471.526,GW7720,3.793656833,-71.5195926,114.5,460,6.35,42000,12,
8471.526,8483.531,GW7730,3.793702622,-71.51962838,114,460,6.35,42000,12,
8483.531,8491.653,GW7740,3.793792381,-71.51969806,113.5,460,6.35,42000,12,
8491.653,8503.652,GW7750,3.793853042,-71.51974529,113,460,6.35,42000,12,
8503.652,8515.686,GW7760,3.793942437,-71.51981535,112.5,460,6.35,42000,12,
8515.686,8527.678,GW7770,3.794031872,-71.51988589,112,460,6.35,42000,12,
8527.678,8533.489,GW7780,3.794120968,-71.51995622,111.5,460,6.35,42000,12,
8533.489,8545.505,GW7790,3.79416436,-71.51999002,111,460,6.35,42000,12,
8545.505,8549.064,GW7800,3.794253976,-71.52006005,110.5,460,6.35,42000,12,
8549.064,8561.078,GW7810,3.794280475,-71.52008085,110,460,6.35,42000,12,
8561.078,8573.102,GW7820,3.794370575,-71.52015023,109.5,460,6.35,42000,12,
8573.102,8585.14,GW7830,3.794469814,-71.52020529,109,460,6.35,42000,12,
8585.14,8597.149,GW7840,3.794583091,-71.52021399,108.5,460,6.35,42000,12,
8597.149,8605.628,GW7850,3.794694166,-71.52019473,108,460,6.35,42000,12,
8605.628,8617.658,GW7860,3.79477068,-71.52017051,107.5,460,6.35,42000,12,
8617.658,8629.676,GW7870,3.794880004,-71.5201387,107,460,6.35,42000,12,
8629.676,8641.701,GW7880,3.794990031,-71.52010983,106.5,460,6.35,42000,12,
8641.701,8653.742,GW7890,3.795100087,-71.5200808,106,460,6.35,42000,12,
8653.742,8657.227,GW7900,3.795210626,-71.52005303,105.5,460,6.35,42000,12,
8657.227,8669.187,GW7910,3.79524264,-71.52004508,105,460,6.35,42000,12,
8669.187,8681.17,GW7920,3.795352469,-71.52001763,104.5,460,6.35,42000,12,
8681.17,8693.199,GW7930,3.795462488,-71.51999005,104,460,6.35,42000,12,
8693.199,8705.203,GW7940,3.795572871,-71.51996212,103.5,460,6.35,42000,12,
8705.203,8717.233,GW7950,3.795682865,-71.51993364,103,460,6.35,42000,12,
8717.233,8729.293,GW7960,3.79579317,-71.51990544,102.5,460,6.35,42000,12,
8729.293,8741.341,GW7970,3.795897928,-71.51986241,102,460,6.35,42000,12,
8741.341,8753.365,GW7980,3.795991569,-71.51979757,101.5,460,6.35,42000,12,
8753.365,8765.365,GW7990,3.796082617,-71.51972928,101,460,6.35,42000,12,
8765.365,8777.317,GW8000,3.796173476,-71.51966112,100.5,460,6.35,42000,12,
8777.317,8789.312,GW8010,3.796263134,-71.51959214,100,460,6.35,42000,12,
8789.312,8801.373,GW8020,3.796352537,-71.51952216,99.5,460,6.35,42000,12,
8801.373,8813.407,GW8030,3.796449003,-71.51946168,99,460,6.35,42000,12,
8813.407,8825.395,GW8040,3.796556747,-71.51942521,98.5,460,6.35,42000,12,
8825.395,8831.792,GW8050,3.79666647,-71.51939629,98,460,6.35,42000,12,
8831.792,8843.833,GW8060,3.796724962,-71.51938064,97.5,460,6.35,42000,12,
8843.833,8855.821,GW8070,3.796835173,-71.5193516,97,460,6.35,42000,12,
8855.821,8865.738,GW8080,3.796945083,-71.51932339,96.5,460,6.35,42000,12,
8865.738,8877.766,GW8090,3.79703624,-71.519301,96,460,6.35,42000,12,
8877.766,8889.756,GW8100,3.797149377,-71.51929191,95.5,460,6.35,42000,12,
8889.756,8901.718,GW8110,3.797261965,-71.51930511,95,460,6.35,42000,12,
8901.718,8907.852,GW8120,3.797373397,-71.51932518,94.5,460,6.35,42000,12,
8907.852,8919.867,GW8130,3.797430413,-71.51933614,94,460,6.35,42000,12,
8919.867,8931.874,GW8140,3.797540787,-71.51936316,93.5,460,6.35,42000,12,
8931.874,8943.908,GW8150,3.797644115,-71.51940963,93,460,6.35,42000,12,
8943.908,8955.919,GW8160,3.797727413,-71.5194871,92.5,460,6.35,42000,12,
8955.919,8967.934,GW8170,3.797803127,-71.51957191,92,460,6.35,42000,12,
8967.934,8979.974,GW8180,3.797878869,-71.51965675,91.5,460,6.35,42000,12,
8979.974,8989.534,GW8190,3.797954764,-71.51974176,91,460,6.35,42000,12,
8989.534,9001.53,GW8200,3.798015031,-71.51980926,90.5,460,6.35,42000,12,
9001.53,9013.562,GW8210,3.798090653,-71.51989396,90,460,6.35,42000,12,
9013.562,9025.563,GW8220,3.798169112,-71.51997643,89.5,460,6.35,42000,12,
9025.563,9037.548,GW8230,3.798250735,-71.52005543,89,460,6.35,42000,12,
9037.548,9049.565,GW8240,3.7983325,-71.52013407,88.5,460,6.35,42000,12,
9049.565,9054.65,GW8250,3.798413572,-71.52021383,88,460,6.35,42000,12,
9054.65,9066.624,GW8260,3.798447061,-71.5202484,87.5,460,6.35,42000,12,
9066.624,9078.599,GW8270,3.798521304,-71.520334,87,460,6.35,42000,12,
9078.599,9090.591,GW8280,3.798590467,-71.52042377,86.5,460,6.35,42000,12,
9090.591,9102.594,GW8290,3.798657749,-71.52051519,86,460,6.35,42000,12,
9102.594,9114.624,GW8300,3.79872568,-71.52060626,85.5,460,6.35,42000,12,
9114.624,9126.098,GW8310,3.798792766,-71.52069827,85,460,6.35,42000,12,
9126.098,9138.088,GW8320,3.798856709,-71.52078605,84.5,460,6.35,42000,12,
9138.088,9140.527,GW8330,3.7989232,-71.52087803,84,460,6.35,42000,12,
9140.527,9152.541,GW8340,3.798936689,-71.52089676,83.5,460,6.35,42000,12,
9152.541,9164.561,GW8350,3.799002987,-71.52098915,83,460,6.35,42000,12,
9164.561,9176.614,GW8360,3.799069394,-71.52108154,82.5,460,6.35,42000,12,
9176.614,9185.856,GW8370,3.799135927,-71.52117422,82,460,6.35,42000,12,
9185.856,9197.823,GW8380,3.799187024,-71.52124522,81.5,460,6.35,42000,12,
9197.823,9210.005,GW8390,3.799253276,-71.5213371,81,460,6.35,42000,12,
9210.005,9222.226,GW8400,3.799320136,-71.52143104,80.5,460,6.35,42000,12,
9222.226,9234.423,GW8410,3.799387612,-71.521525,80,460,6.35,42000,12,
9234.423,9246.622,GW8420,3.799454782,-71.5216189,79.5,460,6.35,42000,12,
9246.622,9258.657,GW8430,3.799522848,-71.52171217,79,460,6.35,42000,12,
9258.657,9269.932,GW8440,3.799590166,-71.52180407,78.5,460,6.35,42000,12,
9269.932,9281.913,GW8450,3.799653067,-71.52189029,78,460,6.35,42000,12,
9281.913,9293.869,GW8460,3.799719741,-71.52198202,77.5,460,6.35,42000,12,
9293.869,9305.893,GW8470,3.799783388,-71.52207554,77,460,6.35,42000,12,
9305.893,9317.931,GW8480,3.799837299,-71.52217557,76.5,460,6.35,42000,12,
9317.931,9329.953,GW8490,3.799884655,-71.5222792,76,460,6.35,42000,12,
9329.953,9341.943,GW8500,3.799931615,-71.52238285,75.5,460,6.35,42000,12,
9341.943,9353.949,GW8510,3.799977906,-71.52248648,75,460,6.35,42000,12,
9353.949,9365.958,GW8520,3.800024261,-71.52259023,74.5,460,6.35,42000,12,
9365.958,9377.907,GW8530,3.800070629,-71.52269402,74,460,6.35,42000,12,
9377.907,9389.92,GW8540,3.800107056,-71.52280086,73.5,460,6.35,42000,12,
9389.92,9401.933,GW8550,3.800124565,-71.52291321,73,460,6.35,42000,12,
9401.933,9413.931,GW8560,3.800140802,-71.52302575,72.5,460,6.35,42000,12,
9413.931,9425.962,GW8570,3.800155104,-71.52313841,72,460,6.35,42000,12,
9425.962,9434.031,GW8580,3.80016912,-71.52325142,71.5,460,6.35,42000,12,
9434.031,9435.174,GW8590,3.800178308,-71.52332724,71,460,6.35,42000,12,
9435.174,9438.006,GW8600,3.800179607,-71.52333798,70.5,460,6.35,42000,12,
9438.006,9450.018,GW8610,3.800182826,-71.5233646,70,460,6.35,42000,12,
9450.018,9462.024,GW8620,3.800196531,-71.52347747,69.5,460,6.35,42000,12,
9462.024,9474.041,GW8630,3.800210624,-71.52359023,69,460,6.35,42000,12,
9474.041,9486.079,GW8640,3.800225508,-71.523703,68.5,460,6.35,42000,12,
9486.079,9498.11,GW8650,3.800239883,-71.52381603,68,460,6.35,42000,12,
9498.11,9510.153,GW8660,3.800255187,-71.52392887,67.5,460,6.35,42000,12,
9510.153,9522.194,GW8670,3.80027008,-71.52404189,67,460,6.35,42000,12,
9522.194,9534.212,GW8680,3.800283789,-71.52415503,66.5,460,6.35,42000,12,
9534.212,9546.236,GW8690,3.800287001,-71.52426827,66,460,6.35,42000,12,
9546.236,9558.282,GW8700,3.800279106,-71.52438181,65.5,460,6.35,42000,12,
9558.282,9570.305,GW8710,3.800270139,-71.52449548,65,460,6.35,42000,12,
9570.305,9582.31,GW8720,3.800259262,-71.52460876,64.5,460,6.35,42000,12,
9582.31,9594.318,GW8730,3.800247083,-71.52472173,64,460,6.35,42000,12,
9594.318,9606.326,GW8740,3.800238379,-71.52483504,63.5,460,6.35,42000,12,
9606.326,9618.318,GW8750,3.800253021,-71.52494759,63,460,6.35,42000,12,
9618.318,9627.029,GW8760,3.800277624,-71.5250584,62.5,460,6.35,42000,12,
9627.029,9639.023,GW8770,3.80029524,-71.52513895,62,460,6.35,42000,12,
9639.023,9651.081,GW8780,3.800319165,-71.52524993,61.5,460,6.35,42000,12,
9651.081,9663.128,GW8790,3.800343819,-71.52536137,61,460,6.35,42000,12,
9663.128,9675.134,GW8800,3.800366539,-71.52547311,60.5,460,6.35,42000,12,
9675.134,9687.129,GW8810,3.800387067,-71.52558488,60,460,6.35,42000,12,
9687.129,9699.18,GW8820,3.800407503,-71.52569657,59.5,460,6.35,42000,12,
9699.18,9707.083,GW8830,3.800427174,-71.52580892,59,460,6.35,42000,12,
9707.083,9719.08,GW8840,3.800439675,-71.52588268,58.5,460,6.35,42000,12,
9719.08,9731.169,GW8850,3.800486446,-71.5259856,58,460,6.35,42000,12,
9731.169,9743.41,GW8860,3.800552776,-71.5260782,57.5,460,6.35,42000,12,
9743.41,9755.584,GW8870,3.800632614,-71.52616216,57,460,6.35,42000,12,
9755.584,9767.736,GW8880,3.800712323,-71.52624538,56.5,460,6.35,42000,12,
9767.736,9779.96,GW8890,3.800787007,-71.52633273,56,460,6.35,42000,12,
9779.96,9792.2,GW8900,3.800855233,-71.52642618,55.5,460,6.35,42000,12,
9792.2,9804.377,GW8910,3.800923455,-71.52651982,55,460,6.35,42000,12,
9804.377,9816.555,GW8920,3.800990615,-71.52661349,54.5,460,6.35,42000,12,
9816.555,9828.589,GW8930,3.801058305,-71.52670679,54,460,6.35,42000,12,
9828.589,9840.763,GW8940,3.801123337,-71.52680029,53.5,460,6.35,42000,12,
9840.763,9852.946,GW8950,3.801186199,-71.52689686,53,460,6.35,42000,12,
9852.946,9865.197,GW8960,3.801248613,-71.52699383,52.5,460,6.35,42000,12,
9865.197,9877.385,GW8970,3.801311209,-71.52709144,52,460,6.35,42000,12,
9877.385,9889.601,GW8980,3.801373554,-71.52718851,51.5,460,6.35,42000,12,
9889.601,9901.814,GW8990,3.801436326,-71.52728561,51,460,6.35,42000,12,
9901.814,9913.774,GW9000,3.801498748,-71.52738291,50.5,460,6.35,42000,12,
9913.774,9925.996,GW9010,3.801560017,-71.52747811,50,460,6.35,42000,12,
9925.996,9938.173,GW9020,3.801622663,-71.52757536,49.5,460,6.35,42000,12,
9938.173,9950.369,GW9030,3.801684823,-71.52767243,49,460,6.35,42000,12,
9950.369,9962.375,GW9040,3.801747065,-71.52776965,48.5,460,6.35,42000,12,
9962.375,9974.329,GW9050,3.801809255,-71.52786476,48,460,6.35,42000,12,
9974.329,9986.347,GW9060,3.801873776,-71.52795771,47.5,460,6.35,42000,12,
9986.347,9994.147,GW9070,3.801940165,-71.52805008,47,460,6.35,42000,12,
9994.147,10006.331,GW9080,3.801983354,-71.52810996,46.5,460,6.35,42000,12,
10006.331,10018.563,GW9090,3.802051506,-71.52820299,46,460,6.35,42000,12,
10018.563,10030.769,GW9100,3.802117667,-71.52829799,45.5,460,6.35,42000,12,
10030.769,10042.956,GW9110,3.802180873,-71.5283947,45,460,6.35,42000,12,
10042.956,10054.986,GW9120,3.802243728,-71.52849142,44.5,460,6.35,42000,12,
10054.986,10067.019,GW9130,3.80230577,-71.5285869,44,460,6.35,42000,12,
10067.019,10079.029,GW9140,3.802367827,-71.52868241,43.5,460,6.35,42000,12,
10079.029,10091.049,GW9150,3.80242977,-71.52877773,43,460,6.35,42000,12,
10091.049,10095.329,GW9160,3.80249176,-71.52887314,42.5,460,6.35,42000,12,
10095.329,10107.364,GW9170,3.802513833,-71.52890711,42,460,6.35,42000,12,
10107.364,10119.393,GW9180,3.802575905,-71.52900263,41.5,460,6.35,42000,12,
10119.393,10131.43,GW9190,3.802637942,-71.5290981,41,460,6.35,42000,12,
10131.43,10143.653,GW9200,3.802700023,-71.52919364,40.5,460,6.35,42000,12,
10143.653,10155.832,GW9210,3.802734306,-71.52930274,40,460,6.35,42000,12,
10155.832,10168.047,GW9220,3.802687534,-71.52940392,39.5,460,6.35,42000,12,
10168.047,10180.29,GW9230,3.802585617,-71.52945031,39,460,6.35,42000,12,
10180.29,10191.574,GW9240,3.802471382,-71.52944082,38.5,460,6.35,42000,12,
10191.574,10203.593,GW9250,3.802369153,-71.52940997,38,460,6.35,42000,12,
10203.593,10215.809,GW9260,3.802260466,-71.52937636,37.5,460,6.35,42000,12,
10215.809,10228.047,GW9270,3.802150303,-71.52934123,37,460,6.35,42000,12,
10228.047,10240.267,GW9280,3.802039752,-71.52930664,36.5,460,6.35,42000,12,
10240.267,10252.261,GW9290,3.80192904,-71.52927318,36,460,6.35,42000,12,
10252.261,10258.755,GW9300,3.801818219,-71.52924991,35.5,460,6.35,42000,12,
10258.755,10270.956,GW9310,3.80175707,-71.52924495,35,460,6.35,42000,12,
10270.956,10283.178,GW9320,3.801643817,-71.52925981,34.5,460,6.35,42000,12,
10283.178,10295.357,GW9330,3.80154584,-71.52931834,34,460,6.35,42000,12,
10295.357,10307.567,GW9340,3.801466332,-71.52940142,33.5,460,6.35,42000,12,
10307.567,10319.74,GW9350,3.801399765,-71.5294959,33,460,6.35,42000,12,
10319.74,10327.644,GW9360,3.801333234,-71.52958997,32.5,460,6.35,42000,12,
10327.644,10328.262,GW9370,3.801290425,-71.52965133,32,460,6.35,42000,12,
10328.262,10328.88,GW9380,3.801287101,-71.52965614,31.5,460,6.35,42000,12,
10328.88,10330.051,GW9390,3.801283776,-71.52966095,31,460,6.35,42000,12,
10330.051,10331.069,GW9400,3.801277476,-71.52967007,30.5,460,6.35,42000,12,
